fuel,value
Power,0.00005
Gas,0.00001
H2,0.0001